"","amplicon","230623_M07977_0012_000000000-KJGHP_amplicon_coverage_DD2.txt___NDd2-100k_S95_L001","230623_M07977_0012_000000000-KJGHP_amplicon_coverage_DD2.txt___NDd2-10k_S96_L001","BOH22_NextSeq01_amplicon_coverage_DD2_PM2-2.txt___NDd2100KB_S96","BOH22_NextSeq01_amplicon_coverage_DD2_PM2-2.txt___NDd210kB_S145","BOH22_NextSeq01_amplicon_coverage_DD2_PM2-2.txt___NDd210kD_S255","BOH22_NextSeq01_amplicon_coverage_DD2_PM2-2.txt___PM-2_S256","HFS_22_03_amplicon_coverage_DD2_FIND-5_FIND-6.txt___NDD2_D4_S202","HFS_22_03_amplicon_coverage_DD2_FIND-5_FIND-6.txt___NDD2_D5_S203","HFS22_NextSeq02_amplicon_coverage_HB3_PM2-2_PM2-4_FIND-3_FIND-4.txt___N3D7plusHB3_k13100i_S195","HFS22_NextSeq02_amplicon_coverage_HB3_PM2-2_PM2-4_FIND-3_FIND-4.txt___N3D7plusHB3_k131_99_S194","HFS22_NextSeq02_amplicon_coverage_HB3_PM2-2_PM2-4_FIND-3_FIND-4.txt___N3D7plusHB3_k132_98_S193","HFS22_NextSeq02_amplicon_coverage_HB3_PM2-2_PM2-4_FIND-3_FIND-4.txt___NPM2_2_S275","HFS22_NextSeq02_amplicon_coverage_HB3_PM2-2_PM2-4_FIND-3_FIND-4.txt___NPM2_4_S276","HFS22_NextSeq02_amplicon_coverage_HB3_PM2-2_PM2-4_FIND-3_FIND-4.txt___NFIND_4_S280","HFS_NextSeq01_amplicon_coverage_DD2.txt___N3D7_Dd2_k13_0_S162","HFS_NextSeq01_amplicon_coverage_DD2.txt___N3D7_Dd2_k13_1_S161","HFS_NextSeq01_amplicon_coverage_DD2.txt___N3D7_Dd2_k13_2_S160","MULB_NextSeq01_amplicon_coverage_DD2.txt___NDd2100Ka_S7","MULB_NextSeq01_amplicon_coverage_DD2.txt___NDd210ka_S56","MULB_NextSeq01_amplicon_coverage_DD2.txt___NDd21Kd_S322","REACT2_NextSeq01_amplicon_coverage_DD2.txt___NDd2_100Kc_S199_L001","REACT2_NextSeq01_amplicon_coverage_DD2.txt___NDd2_100Kb_S103_L001","REACT2_NextSeq01_amplicon_coverage_DD2.txt___NDd2_10kb_S152_L001","SMC2_NextSeq01_amplicon_coverage_DD2.txt___DD2_K539T_100ka_S7"
"1","Pf3D7_01_v3-145388-145662-1A",1,1,0,1,1,0,1,0,0,0,1,0,0,0,0,1,1,1,0,0,0,0,1,0
"2","Pf3D7_01_v3-162867-163115-1A",1,1,1,1,0,0,0,1,0,0,1,1,1,0,0,1,1,0,1,1,1,1,1,1
"3","Pf3D7_01_v3-181512-181761-1A",1,1,0,0,0,1,0,1,0,0,1,0,1,0,0,0,1,0,0,0,1,0,1,0
"4","Pf3D7_01_v3-194742-194973-1B",0,1,0,0,0,1,0,1,0,0,0,0,1,0,0,0,0,1,0,0,0,1,0,1
"5","Pf3D7_01_v3-455794-456054-1A",0,1,1,1,0,0,0,0,0,0,0,0,1,0,1,1,0,1,0,0,0,0,1,0
"6","Pf3D7_01_v3-528859-529104-1A",1,0,0,0,1,0,0,1,0,0,1,1,0,0,0,0,1,0,1,1,0,0,0,1
"7","Pf3D7_01_v3-535965-536239-1A",0,0,1,1,1,0,1,1,0,0,1,1,1,0,0,0,0,0,1,0,1,0,0,1
"8","Pf3D7_02_v3-290580-290821-1A",1,1,0,0,1,0,0,1,1,1,1,1,1,0,0,1,1,1,0,0,0,0,1,1
"9","Pf3D7_02_v3-291770-292017-1A",1,1,1,1,1,1,0,1,1,1,1,1,0,0,0,1,0,0,1,0,1,0,1,1
"10","Pf3D7_02_v3-320652-320949-2",1,0,1,0,1,0,1,0,1,1,0,1,0,0,1,0,0,0,0,1,0,1,0,1
"11","Pf3D7_02_v3-470437-470709-1A",1,1,1,1,0,1,0,0,0,0,1,0,1,1,1,1,1,1,0,1,1,0,1,0
"12","Pf3D7_02_v3-503040-503288-1A",0,1,0,1,0,1,0,0,0,0,0,0,1,1,0,1,0,1,0,0,1,0,0,0
"13","Pf3D7_02_v3-628941-629172-1A",1,1,0,1,0,1,1,0,1,1,1,1,0,0,0,0,1,0,0,1,1,1,1,1
"14","Pf3D7_02_v3-630641-630907-1A",1,0,1,0,1,0,0,1,0,0,1,1,0,1,1,1,1,0,0,1,0,0,1,1
"15","Pf3D7_03_v3-221185-221419-1B",1,1,1,0,1,1,0,0,1,1,1,0,1,0,0,1,1,1,0,1,1,1,0,1
"16","Pf3D7_03_v3-221295-221532-2",1,1,0,1,1,0,0,0,1,1,1,1,0,0,1,0,1,1,0,0,0,0,0,1
"17","Pf3D7_03_v3-221463-221712-1B",1,0,0,1,0,0,0,0,1,0,0,1,1,1,1,1,1,1,1,1,0,1,1,0
"18","Pf3D7_03_v3-240957-241256-2",0,1,0,1,1,1,1,1,0,0,0,0,0,1,0,1,0,0,0,0,1,0,0,1
"19","Pf3D7_03_v3-515418-515657-1A",1,1,0,0,1,1,0,0,0,1,0,0,0,1,1,0,0,1,0,0,1,1,0,0
"20","Pf3D7_03_v3-653961-654206-1A",1,1,0,1,0,0,0,1,1,0,0,0,1,1,0,1,1,1,1,0,1,1,0,0
"21","Pf3D7_03_v3-85507-85756-1A",1,0,0,1,0,0,0,0,0,0,0,0,1,0,0,0,0,1,1,1,0,0,1,0
"22","Pf3D7_03_v3-855426-855697-1A",1,0,0,0,0,1,1,0,0,0,0,1,0,1,1,0,0,0,1,0,1,0,1,1
"23","Pf3D7_03_v3-891553-891827-1A",1,1,0,0,1,0,0,1,0,0,0,0,1,1,0,1,1,0,0,1,1,1,1,0
"24","Pf3D7_03_v3-980765-980997-1B",0,1,0,0,0,1,1,0,0,0,0,0,0,1,1,0,1,0,1,0,0,1,0,1
"25","Pf3D7_03_v3-980853-981120-2",0,0,0,0,0,0,0,0,0,0,0,0,0,0,0,1,0,0,0,0,0,0,0,0
"26","Pf3D7_03_v3-981574-981823-1B",1,0,0,0,0,0,0,0,1,1,0,1,1,0,0,0,1,0,0,0,0,0,1,0
"27","Pf3D7_03_v3-981921-982191-1B",0,0,1,0,1,1,1,1,0,0,1,0,1,0,1,0,1,1,0,1,0,0,0,1
"28","Pf3D7_03_v3-982299-982523-1B",1,1,0,1,0,0,0,0,1,1,1,1,0,1,0,1,0,0,1,1,1,1,1,1
"29","Pf3D7_04_v3-1005938-1006187-1A",0,0,1,0,0,1,0,1,1,1,1,1,0,1,0,1,0,0,0,1,1,1,1,1
"30","Pf3D7_04_v3-1037644-1037891-1A",1,1,1,1,1,0,1,0,0,0,1,0,1,1,1,0,0,0,0,1,1,1,0,0
"31","Pf3D7_04_v3-1077327-1077562-1B",0,0,1,0,1,1,0,0,0,0,1,1,1,1,0,0,0,0,1,1,0,1,0,0
"32","Pf3D7_04_v3-1082776-1083049-1B",0,0,1,0,1,1,1,1,0,0,0,1,1,0,0,1,0,0,1,1,1,0,0,1
"33","Pf3D7_04_v3-1083095-1083331-1B",1,0,1,1,1,0,0,0,1,1,1,1,0,0,1,1,1,0,1,1,1,0,1,1
"34","Pf3D7_04_v3-1083299-1083563-2",0,0,0,1,1,0,0,1,0,0,0,0,1,0,0,1,0,1,0,1,0,0,0,0
"35","Pf3D7_04_v3-1083411-1083668-1B",1,1,0,0,0,0,1,1,1,1,1,0,0,1,1,0,1,1,0,0,0,1,1,0
"36","Pf3D7_04_v3-109939-110184-1A",0,1,1,0,0,1,1,0,1,1,1,0,1,0,0,0,0,0,1,1,0,0,1,1
"37","Pf3D7_04_v3-1113397-1113639-1A",0,0,0,0,0,0,0,1,0,1,0,1,1,1,0,0,1,1,0,1,1,0,1,1
"38","Pf3D7_04_v3-115455-115684-1A",0,0,0,0,0,1,0,0,0,1,0,1,0,0,0,0,1,0,1,1,0,1,1,1
"39","Pf3D7_04_v3-133581-133830-1A",0,1,0,0,0,0,1,1,0,0,1,1,1,0,1,1,0,1,1,0,0,1,0,1
"40","Pf3D7_04_v3-133928-134154-1A",1,1,0,1,0,0,0,1,1,0,0,0,0,0,1,1,0,0,0,1,0,1,1,0
"41","Pf3D7_04_v3-140317-140548-1A",1,1,1,0,0,1,1,1,1,1,1,1,1,1,1,1,0,1,0,1,1,0,1,1
"42","Pf3D7_04_v3-141741-141990-1A",0,0,0,0,0,1,0,0,0,0,0,0,0,1,1,0,1,0,0,1,1,1,0,0
"43","Pf3D7_04_v3-284121-284364-1A",1,1,1,0,0,1,1,1,1,0,1,0,1,1,0,1,1,1,1,0,1,1,1,0
"44","Pf3D7_04_v3-316593-316858-1A",1,1,1,1,0,1,0,1,0,0,1,1,1,1,0,1,0,1,0,0,1,1,0,1
"45","Pf3D7_04_v3-544454-544718-1A",0,0,1,1,1,0,1,0,1,1,0,0,1,0,0,0,0,1,0,1,0,0,0,0
"46","Pf3D7_04_v3-648065-648332-1A",0,0,0,1,0,1,1,1,1,0,0,0,1,1,1,1,0,0,0,1,1,1,1,0
"47","Pf3D7_04_v3-748105-748359-1B",0,1,1,1,1,1,1,1,0,0,0,0,0,1,1,1,1,0,0,0,0,1,0,1
"48","Pf3D7_04_v3-748374-748611-1B",0,0,1,1,1,0,0,0,0,0,0,0,1,1,1,0,1,1,1,1,1,0,0,1
"49","Pf3D7_04_v3-748585-748822-2",1,1,1,1,1,1,0,1,1,1,0,1,1,1,1,0,1,1,0,1,1,0,1,0
"50","Pf3D7_04_v3-900526-900759-1A",0,1,1,0,0,0,0,0,1,1,1,1,1,1,1,1,1,1,1,1,1,0,0,1
"51","Pf3D7_05_v3-1188456-1188706-1A",0,0,0,0,1,1,0,1,1,1,0,0,1,0,1,0,1,1,1,0,1,1,1,1
"52","Pf3D7_05_v3-1322099-1322341-1A",0,1,1,1,1,1,1,1,0,0,0,0,1,0,1,1,1,1,0,0,0,1,0,1
"53","Pf3D7_05_v3-213027-213251-1A",0,0,1,1,0,1,1,0,0,0,1,1,1,1,1,0,1,0,1,1,1,0,0,1
"54","Pf3D7_05_v3-350808-351052-1A",1,1,1,0,1,0,0,0,0,1,1,0,0,1,0,0,0,1,0,1,1,1,0,0
"55","Pf3D7_05_v3-369676-369949-1A",1,1,0,0,0,0,0,1,0,0,1,1,1,0,0,1,0,0,0,0,0,0,1,1
"56","Pf3D7_05_v3-395887-396136-1A",1,1,0,0,1,0,1,1,0,0,1,0,1,1,0,0,1,1,0,0,1,0,0,0
"57","Pf3D7_05_v3-550803-551072-1A",1,1,1,1,1,1,1,1,1,0,1,0,0,0,0,1,1,1,1,1,0,1,0,1
"58","Pf3D7_05_v3-615379-615678-2",0,0,1,1,0,0,0,0,1,1,1,1,1,0,1,1,0,0,0,1,0,0,1,0
"59","Pf3D7_05_v3-641131-641404-1A",0,0,0,1,1,0,0,1,0,0,1,0,1,1,1,1,1,1,1,0,1,0,0,0
"60","Pf3D7_05_v3-668763-669004-1A",1,1,0,0,1,0,0,1,0,1,0,1,0,1,0,1,1,1,1,1,1,1,1,1
"61","Pf3D7_05_v3-796518-796759-1A",1,0,1,1,1,1,0,1,0,1,1,1,0,1,1,1,0,1,0,1,0,1,1,0
"62","Pf3D7_05_v3-958079-958350-1B",0,0,1,1,1,0,0,0,0,0,1,1,1,1,1,1,0,1,1,1,1,0,0,0
"63","Pf3D7_05_v3-958372-958608-1B",1,1,0,0,0,1,0,0,1,1,1,1,1,1,1,1,1,0,0,0,0,1,1,0
"64","Pf3D7_05_v3-958920-959168-1B",0,0,0,0,0,0,1,1,0,0,0,0,1,0,1,0,0,0,0,0,0,1,0,0
"65","Pf3D7_05_v3-960810-961048-1B",0,0,0,0,0,1,1,0,0,0,1,0,0,1,0,0,0,0,0,0,0,0,0,1
"66","Pf3D7_05_v3-961511-961758-1B",0,0,0,0,0,1,0,0,0,0,0,0,0,0,0,1,0,0,0,0,0,0,0,0
"67","Pf3D7_06_v3-1115900-1116168-1A",1,1,0,0,0,1,1,0,1,1,0,1,1,0,1,1,1,0,0,1,0,1,1,1
"68","Pf3D7_06_v3-1128558-1128797-1A",0,0,1,1,1,0,0,0,1,1,0,1,0,1,1,1,0,0,0,1,1,0,1,1
"69","Pf3D7_06_v3-1135605-1135855-1A",1,1,0,1,1,0,1,1,1,1,1,0,0,0,0,0,1,0,1,1,1,0,1,0
"70","Pf3D7_06_v3-1136091-1136364-1A",0,0,1,1,1,1,0,0,0,0,0,0,1,0,0,1,0,1,1,1,0,0,1,0
"71","Pf3D7_06_v3-1140900-1141174-1A",1,0,0,0,0,0,0,1,0,0,1,1,0,0,1,1,0,0,0,0,1,1,0,0
"72","Pf3D7_06_v3-1192628-1192867-1A",0,1,0,0,0,1,0,0,1,0,0,0,0,0,0,0,0,1,0,1,0,0,1,1
"73","Pf3D7_06_v3-1197245-1197515-1A",1,1,1,1,1,0,1,0,1,0,1,1,0,1,1,1,1,1,0,1,1,1,0,0
"74","Pf3D7_06_v3-1214815-1215069-1B",1,0,0,1,0,1,0,0,1,1,1,1,0,1,0,1,0,0,1,1,1,0,1,1
"75","Pf3D7_06_v3-1215236-1215502-1B",0,0,1,0,0,0,1,1,0,0,1,0,1,0,0,1,1,1,0,0,0,1,0,0
"76","Pf3D7_06_v3-1215495-1215756-1B",1,1,0,1,0,0,1,0,1,1,0,0,0,0,1,1,1,0,1,1,1,0,1,0
"77","Pf3D7_06_v3-1235395-1235658-1A",1,0,0,0,0,0,1,0,0,0,0,0,1,0,1,0,1,1,1,0,0,0,0,1
"78","Pf3D7_06_v3-1282656-1282930-1A",1,0,1,1,1,0,1,0,0,0,0,0,0,0,0,0,0,0,1,1,1,1,0,1
"79","Pf3D7_06_v3-145285-145531-1A",0,1,1,1,1,0,0,0,0,1,0,0,1,1,1,1,0,1,1,0,0,0,1,1
"80","Pf3D7_06_v3-176108-176338-1A",1,1,0,1,1,0,0,1,0,0,0,1,1,0,1,1,1,1,1,1,0,0,0,1
"81","Pf3D7_06_v3-416462-416720-1A",1,0,0,0,0,0,0,1,0,1,0,0,1,1,1,1,0,0,1,0,1,1,1,0
"82","Pf3D7_06_v3-532166-532407-1A",1,0,1,0,0,0,0,0,1,0,0,1,0,0,1,1,0,1,1,1,0,1,0,0
"83","Pf3D7_06_v3-851492-851765-1A",1,1,1,1,1,0,0,0,1,0,1,0,0,0,0,1,1,1,1,1,0,1,0,1
"84","Pf3D7_06_v3-857454-857753-2",0,0,0,1,1,1,1,1,0,0,0,0,1,0,1,1,1,1,0,1,0,1,1,1
"85","Pf3D7_07_v3-1028330-1028603-1A",1,0,1,0,1,1,1,0,0,0,1,1,0,0,1,1,0,0,1,1,0,0,0,1
"86","Pf3D7_07_v3-1043981-1044225-1A",1,1,1,1,1,1,0,1,0,1,1,1,1,1,1,1,0,0,1,1,0,1,1,1
"87","Pf3D7_07_v3-105172-105442-1A",0,1,0,1,1,0,1,1,0,1,1,1,0,1,0,0,0,1,1,1,1,1,0,0
"88","Pf3D7_07_v3-1066661-1066903-1A",0,1,0,1,1,0,0,0,0,0,0,1,1,0,1,0,0,0,1,0,0,0,1,1
"89","Pf3D7_07_v3-1149367-1149613-1A",0,1,1,0,0,1,1,0,0,0,0,1,1,0,1,1,1,0,0,0,1,1,0,1
"90","Pf3D7_07_v3-403479-403716-1B",1,1,0,1,0,0,1,0,1,1,0,0,0,1,1,1,0,0,1,1,1,1,1,1
"91","Pf3D7_07_v3-403487-403750-2",1,1,1,0,0,1,1,1,1,1,0,1,0,0,0,1,1,0,1,0,1,1,1,0
"92","Pf3D7_07_v3-403801-404052-1B",1,0,1,0,1,1,1,1,1,1,1,1,1,0,0,0,0,1,0,0,0,0,1,0
"93","Pf3D7_07_v3-404325-404590-1B",1,1,0,0,0,0,0,1,1,1,0,1,0,0,0,0,1,0,0,0,0,1,1,0
"94","Pf3D7_07_v3-404776-405006-1B",0,0,1,0,0,0,1,0,0,0,1,0,0,0,1,0,0,0,0,0,0,0,0,1
"95","Pf3D7_07_v3-405334-405576-1B",1,0,1,1,0,1,1,0,1,1,0,1,0,1,0,1,0,0,1,0,1,1,1,1
"96","Pf3D7_07_v3-405517-405773-2",1,1,0,0,0,1,1,1,1,1,1,1,1,1,1,1,1,0,0,1,0,0,1,1
"97","Pf3D7_07_v3-405570-405844-1B",1,0,0,1,0,0,0,0,1,1,1,0,1,0,1,0,0,1,1,0,1,0,1,1
"98","Pf3D7_07_v3-432832-433091-1A",1,1,0,1,1,0,1,0,1,0,0,0,0,1,0,0,1,0,0,1,0,0,1,1
"99","Pf3D7_07_v3-475313-475545-1A",1,0,0,0,0,1,0,0,1,0,0,1,1,1,1,1,0,0,0,0,0,1,1,0
"100","Pf3D7_07_v3-627351-627625-1A",1,0,0,0,0,0,1,0,0,0,0,0,0,0,0,1,0,1,0,0,0,0,1,1
"101","Pf3D7_07_v3-717260-717493-1A",1,0,1,1,1,1,1,0,1,0,0,0,0,0,0,0,1,0,1,1,1,1,0,0
"102","Pf3D7_07_v3-729480-729750-1A",0,1,1,0,0,1,0,0,0,0,1,0,0,0,0,1,1,0,0,1,0,1,1,1
"103","Pf3D7_07_v3-896613-896849-1B",1,0,0,1,1,1,0,0,1,1,0,1,1,0,0,0,1,1,1,0,1,1,1,0
"104","Pf3D7_08_v3-102277-102527-1A",1,1,1,1,0,1,0,0,1,1,0,1,1,0,1,0,0,0,0,0,0,0,0,0
"105","Pf3D7_08_v3-1056678-1056903-1A",0,1,0,0,1,1,0,0,0,0,0,0,1,1,1,0,0,1,1,1,0,0,1,1
"106","Pf3D7_08_v3-1099719-1099977-1A",0,0,1,1,1,1,1,0,0,0,0,0,1,1,0,0,1,1,0,0,0,1,0,0
"107","Pf3D7_08_v3-1176313-1176549-1A",0,0,1,1,1,0,1,0,0,0,1,0,0,0,0,1,1,1,1,0,0,1,1,1
"108","Pf3D7_08_v3-1313088-1313338-1A",1,0,0,1,1,1,1,1,1,1,0,0,0,1,1,1,1,1,0,0,1,1,1,0
"109","Pf3D7_08_v3-1314717-1314986-1A",1,1,0,1,0,0,0,1,1,1,1,1,0,0,0,1,0,0,0,0,0,1,0,0
"110","Pf3D7_08_v3-1344618-1344845-1A",0,1,0,0,0,1,1,1,0,0,0,1,1,1,1,1,1,0,0,1,1,1,0,1
"111","Pf3D7_08_v3-1365709-1365954-1B",0,1,0,1,1,1,0,1,1,0,0,1,0,1,1,1,0,0,0,0,1,1,0,0
"112","Pf3D7_08_v3-1365750-1365999-2",0,0,1,1,0,1,0,0,1,1,0,1,0,0,1,1,1,0,0,0,0,0,1,1
"113","Pf3D7_08_v3-1366575-1366822-2",1,0,0,0,1,0,0,0,1,1,1,1,0,0,1,0,0,0,1,0,0,0,0,1
"114","Pf3D7_08_v3-1366626-1366856-1B",0,0,1,1,0,0,1,1,1,0,0,1,0,0,1,0,0,0,1,1,1,1,0,0
"115","Pf3D7_08_v3-1370603-1370853-1B",1,1,1,1,1,1,1,0,0,0,0,0,1,1,0,1,1,0,0,0,0,1,0,1
"116","Pf3D7_08_v3-1370814-1371045-2",0,1,0,0,0,1,1,1,0,0,1,0,0,1,0,0,1,0,1,0,1,0,1,1
"117","Pf3D7_08_v3-1375025-1375284-1B",1,1,0,0,1,0,0,0,1,0,0,0,0,0,0,0,0,0,1,0,0,0,0,1
"118","Pf3D7_08_v3-1375205-1375450-2",1,1,0,1,0,0,1,0,0,0,0,0,1,0,0,1,1,0,1,1,1,0,0,1
"119","Pf3D7_08_v3-1386786-1387035-2",1,0,1,0,1,0,1,0,1,1,0,1,1,0,1,0,0,1,1,1,0,0,0,1
"120","Pf3D7_08_v3-1386795-1387043-1B",0,0,0,1,0,1,0,1,0,0,0,1,0,1,0,0,0,1,1,1,1,1,0,1
"121","Pf3D7_08_v3-336421-336651-1A",0,0,0,0,1,1,1,1,0,0,0,0,1,0,0,0,0,0,1,1,1,1,1,0
"122","Pf3D7_08_v3-399693-399961-1A",1,0,1,1,1,1,1,0,1,1,0,0,0,0,0,0,1,1,1,1,1,1,1,1
"123","Pf3D7_08_v3-412801-413062-1A",0,1,1,1,1,1,1,1,0,0,1,0,1,1,0,1,0,0,1,1,1,0,0,1
"124","Pf3D7_08_v3-476232-476475-1A",1,0,0,1,0,0,0,1,1,1,1,0,0,1,0,1,1,0,1,0,1,0,1,0
"125","Pf3D7_08_v3-549583-549807-1B",1,1,0,1,1,1,1,1,1,1,0,0,0,1,0,0,1,0,1,0,1,1,1,1
"126","Pf3D7_08_v3-549960-550215-1B",1,0,1,0,1,1,0,1,1,1,1,1,1,0,0,0,0,1,0,1,0,1,1,1
"127","Pf3D7_08_v3-550057-550318-2",1,1,0,1,1,1,1,1,1,1,1,1,0,0,1,0,1,0,0,0,0,0,0,1
"128","Pf3D7_08_v3-585331-585590-1A",0,1,1,1,0,0,0,0,0,0,0,0,0,1,0,0,0,1,0,0,1,1,1,1
"129","Pf3D7_08_v3-585703-585949-1A",1,0,1,0,1,1,1,1,1,1,1,0,0,1,1,1,1,1,1,1,1,0,1,0
"130","Pf3D7_08_v3-585993-586266-1A",0,0,0,1,1,0,1,1,0,0,1,1,1,0,0,1,0,0,0,1,0,0,0,0
"131","Pf3D7_09_v3-1015103-1015350-1A",1,1,1,1,1,1,1,1,1,1,1,0,1,1,1,0,1,1,0,0,0,0,0,0
"132","Pf3D7_09_v3-1406342-1406614-1A",1,0,0,1,1,1,0,0,1,1,0,0,1,1,1,1,0,0,0,1,1,1,1,0
"133","Pf3D7_09_v3-163813-164052-1A",0,0,1,0,1,1,0,1,0,0,0,1,0,1,1,1,1,1,1,0,0,0,1,0
"134","Pf3D7_09_v3-164045-164311-1A",1,0,1,0,0,0,0,1,1,1,0,0,0,0,1,1,0,0,1,1,0,0,0,0
"135","Pf3D7_09_v3-202854-203106-1A",1,0,1,0,1,0,0,1,1,1,1,1,0,0,0,1,0,1,1,0,0,1,1,1
"136","Pf3D7_09_v3-270915-271160-1A",0,1,0,0,0,0,0,1,0,0,1,0,0,0,1,0,0,1,0,1,1,0,1,0
"137","Pf3D7_09_v3-516735-517007-1A",0,0,1,0,0,0,1,0,0,0,0,1,1,0,1,1,0,0,0,1,0,1,0,1
"138","Pf3D7_09_v3-595828-596094-1A",0,0,1,1,1,0,1,1,0,0,0,1,1,0,0,0,0,0,0,1,1,1,1,0
"139","Pf3D7_09_v3-685560-685825-1A",0,1,0,1,0,1,1,0,0,0,1,1,0,1,0,1,1,1,0,0,1,0,1,1
"140","Pf3D7_09_v3-82006-82236-1A",0,0,1,1,1,1,0,1,0,0,0,0,1,1,1,1,1,0,0,1,0,1,0,1
"141","Pf3D7_10_v3-1386657-1386909-1A",0,1,0,0,0,1,0,1,0,0,0,1,1,1,1,1,1,0,1,1,0,0,0,1
"142","Pf3D7_10_v3-1392371-1392620-1A",1,0,1,1,1,1,1,1,1,1,1,0,1,1,1,1,0,1,1,1,1,0,1,1
"143","Pf3D7_10_v3-1414337-1414596-1A",0,0,0,1,1,0,0,1,0,0,1,0,0,0,0,0,1,1,0,0,1,0,0,0
"144","Pf3D7_10_v3-1414599-1414832-1A",1,1,0,0,0,1,1,1,1,1,0,0,0,1,0,0,0,1,1,1,1,0,1,0
"145","Pf3D7_10_v3-490605-490877-1B",0,1,0,0,1,1,0,1,0,0,1,0,1,1,0,0,1,1,1,1,1,1,0,1
"146","Pf3D7_10_v3-992331-992603-1A",0,1,1,0,0,0,1,1,0,0,0,0,1,0,1,1,0,0,0,0,0,0,1,1
"147","Pf3D7_10_v3-992596-992869-1A",0,0,0,0,0,1,0,0,0,0,0,0,1,1,0,0,1,0,1,0,1,1,0,1
"148","Pf3D7_11_v3-1006693-1006917-1A",0,0,0,0,0,1,0,1,0,0,0,0,0,1,1,0,0,1,1,0,1,0,0,1
"149","Pf3D7_11_v3-1018781-1019053-1A",0,0,0,0,0,1,1,0,0,0,0,1,0,1,0,1,1,1,0,0,0,1,1,1
"150","Pf3D7_11_v3-1019050-1019319-1A",0,1,1,0,0,1,0,1,0,0,1,0,1,1,0,0,1,1,1,0,1,1,0,1
"151","Pf3D7_11_v3-1127074-1127316-1A",1,1,1,1,1,0,0,0,1,1,1,1,1,0,1,0,0,0,1,1,1,0,0,0
"152","Pf3D7_11_v3-115913-116184-1A",1,0,1,1,1,1,0,1,1,1,0,0,1,1,0,1,0,0,1,0,0,1,0,1
"153","Pf3D7_11_v3-119432-119705-1A",0,1,1,1,1,1,1,1,0,0,0,1,1,1,0,1,1,1,1,1,0,0,0,0
"154","Pf3D7_11_v3-1293919-1294168-1A",1,0,0,1,1,1,0,0,1,1,1,1,0,1,1,0,0,1,1,1,0,0,0,0
"155","Pf3D7_11_v3-1294284-1294580-1B",1,0,0,1,0,1,0,0,0,1,1,0,0,1,0,0,0,1,0,0,0,0,1,0
"156","Pf3D7_11_v3-1294664-1294910-1A",1,1,0,1,1,0,0,0,1,1,1,1,1,0,1,0,1,1,1,1,1,0,1,1
"157","Pf3D7_11_v3-1295103-1295335-1A",0,1,0,1,1,1,1,1,0,0,1,0,0,1,0,0,1,1,1,1,0,1,0,0
"158","Pf3D7_11_v3-1295371-1295597-1A",0,0,0,0,1,0,0,0,0,0,0,1,0,0,1,0,1,1,0,1,0,0,1,0
"159","Pf3D7_11_v3-1374917-1375148-1A",0,1,0,1,1,1,1,1,0,0,1,0,0,1,0,0,1,1,1,1,1,1,1,1
"160","Pf3D7_11_v3-1375807-1376056-1A",0,1,0,0,1,1,0,1,0,0,1,0,1,1,0,0,0,1,0,1,1,0,1,1
"161","Pf3D7_11_v3-1376058-1376305-1A",0,1,0,0,1,0,0,1,0,0,1,0,1,0,0,0,0,0,1,1,1,0,1,0
"162","Pf3D7_11_v3-1816152-1816378-1A",1,0,0,1,0,1,1,0,1,1,1,0,0,1,1,0,1,0,0,0,1,0,0,1
"163","Pf3D7_11_v3-1902034-1902278-1B",1,0,1,0,0,1,1,0,1,0,0,1,1,1,1,0,0,0,0,1,1,0,0,0
"164","Pf3D7_11_v3-1902041-1902278-2",1,1,1,1,0,0,0,1,0,0,1,0,1,1,0,1,1,1,1,1,1,1,0,1
"165","Pf3D7_11_v3-1934962-1935236-1A",0,0,1,1,0,0,1,1,0,0,1,1,0,0,1,0,1,0,1,0,1,0,0,0
"166","Pf3D7_11_v3-1950401-1950636-1B",0,1,0,1,1,0,0,1,0,1,1,1,0,0,1,1,0,1,0,1,1,1,0,0
"167","Pf3D7_11_v3-1950431-1950680-2",0,1,1,0,0,1,0,0,0,0,1,0,0,1,1,1,0,0,1,0,1,0,1,1
"168","Pf3D7_11_v3-1968031-1968273-1B",1,0,0,0,1,1,1,0,1,1,0,0,0,1,0,1,0,0,0,1,0,1,1,1
"169","Pf3D7_11_v3-1968050-1968296-2",0,0,0,0,1,1,1,1,1,1,1,1,1,1,1,1,1,1,1,1,0,0,0,0
"170","Pf3D7_11_v3-2001721-2001954-1B",0,0,1,1,0,1,1,0,0,0,0,0,0,1,1,1,0,0,1,0,0,0,1,0
"171","Pf3D7_11_v3-2001725-2001999-2",0,0,1,1,1,0,0,1,0,0,1,1,1,1,0,1,0,1,0,1,1,0,1,1
"172","Pf3D7_11_v3-2001969-2002222-1B",1,1,1,0,0,0,0,0,1,0,0,1,1,0,0,1,0,1,0,1,1,1,0,0
"173","Pf3D7_11_v3-408285-408534-1A",0,1,0,0,0,1,0,0,0,0,0,0,0,1,0,0,1,0,1,0,1,1,0,0
"174","Pf3D7_11_v3-408543-408771-1A",0,1,0,1,1,1,0,0,0,0,1,1,0,1,0,1,0,0,1,1,1,1,1,0
"175","Pf3D7_11_v3-497277-497548-1A",1,1,0,1,1,1,0,1,1,1,1,1,0,1,1,0,1,0,1,1,0,1,1,1
"176","Pf3D7_12_v3-1959644-1959891-1A",0,1,1,0,1,0,1,1,0,0,1,0,1,0,1,0,0,0,1,0,1,0,1,0
"177","Pf3D7_12_v3-2092529-2092798-1B",1,0,1,1,1,0,1,1,1,1,1,1,0,1,1,0,0,1,0,1,0,1,1,1
"178","Pf3D7_12_v3-2092654-2092884-2",0,0,1,1,1,0,1,0,0,0,0,0,0,0,1,1,0,1,0,0,0,0,0,0
"179","Pf3D7_12_v3-233418-233671-1A",0,0,0,1,1,0,1,1,0,0,0,0,1,0,0,1,0,0,1,1,0,1,0,0
"180","Pf3D7_12_v3-529495-529767-1A",0,1,1,1,0,0,0,1,0,0,1,1,0,0,1,0,1,1,1,0,0,0,0,0
"181","Pf3D7_12_v3-63081-63314-1A",0,1,1,1,0,1,1,0,0,0,0,1,1,1,1,0,1,0,1,0,0,0,0,1
"182","Pf3D7_12_v3-659881-660127-1A",0,0,0,1,1,0,0,1,0,0,0,1,0,0,1,1,1,1,1,1,1,0,0,0
"183","Pf3D7_12_v3-684011-684240-1A",0,1,1,1,0,0,1,1,0,0,0,1,0,0,0,0,1,1,0,0,1,1,0,0
"184","Pf3D7_12_v3-857050-857323-1A",0,1,1,1,1,1,0,0,0,0,1,0,1,1,0,1,1,0,1,1,1,0,1,1
"185","Pf3D7_13_v3-1004740-1005002-1A",1,0,1,1,0,0,1,0,1,0,0,1,0,0,0,0,1,1,0,0,1,1,1,1
"186","Pf3D7_13_v3-1041593-1041860-1AB",0,0,1,0,0,0,1,0,1,1,0,1,1,0,0,1,1,0,1,1,1,0,1,1
"187","Pf3D7_13_v3-1146764-1147010-1A",1,1,0,0,1,1,0,0,1,0,0,0,1,1,0,1,0,0,0,1,0,0,1,0
"188","Pf3D7_13_v3-1233093-1233332-1A",1,0,0,1,1,0,0,1,0,1,0,0,1,0,1,0,1,1,1,1,1,0,1,1
"189","Pf3D7_13_v3-1265494-1265726-1A",0,0,0,0,1,1,0,0,1,1,1,1,1,1,0,0,1,0,0,0,1,1,1,0
"190","Pf3D7_13_v3-1350855-1351093-1A",1,0,0,1,0,1,1,1,1,1,0,0,0,1,1,0,0,0,1,1,0,0,0,1
"191","Pf3D7_13_v3-1406713-1406975-1A",1,0,1,1,1,1,1,0,1,0,1,0,1,1,1,1,1,1,0,0,0,1,1,0
"192","Pf3D7_13_v3-1419363-1419626-1A",1,1,0,0,0,1,0,1,1,0,0,1,0,1,1,1,0,1,0,0,1,1,0,1
"193","Pf3D7_13_v3-1465010-1465307-1B",1,0,1,1,0,1,0,0,1,1,1,1,0,1,1,1,1,1,1,1,1,1,0,1
"194","Pf3D7_13_v3-1465616-1465890-1A",1,0,1,0,1,0,0,1,1,1,1,0,1,0,0,1,1,1,1,1,1,1,1,1
"195","Pf3D7_13_v3-1465901-1466157-1A",0,0,0,0,0,1,1,0,0,1,1,1,0,1,1,1,0,0,1,1,1,0,1,0
"196","Pf3D7_13_v3-146695-146934-1A",0,1,0,1,0,1,0,1,0,0,1,1,0,1,0,0,0,0,0,0,0,0,1,0
"197","Pf3D7_13_v3-156456-156685-1A",0,1,0,0,0,1,1,0,0,0,0,1,0,1,0,0,0,0,0,0,0,0,0,0
"198","Pf3D7_13_v3-156713-156986-1A",0,0,1,1,1,1,0,0,0,0,1,0,1,1,1,0,1,0,0,0,1,0,0,0
"199","Pf3D7_13_v3-1724895-1725166-1B",1,0,1,1,1,0,1,1,1,1,1,1,0,0,1,0,1,1,0,1,0,0,1,0
"200","Pf3D7_13_v3-1725124-1725365-2",0,0,1,0,1,1,0,1,0,0,0,0,1,0,1,1,0,0,0,1,1,0,0,1
"201","Pf3D7_13_v3-1725208-1725471-1B",1,1,0,1,1,1,1,0,1,1,0,1,1,1,1,1,1,0,1,1,1,0,1,0
"202","Pf3D7_13_v3-1725379-1725652-2",1,1,1,1,0,0,1,1,1,1,1,1,0,1,1,1,1,0,1,0,1,1,0,0
"203","Pf3D7_13_v3-1725464-1725719-1B",0,1,1,0,0,1,0,0,0,0,0,0,1,0,0,1,0,1,1,0,1,0,0,0
"204","Pf3D7_13_v3-1725713-1725955-1B",0,0,0,0,0,0,1,0,0,0,1,0,1,1,1,1,1,1,0,0,0,0,0,1
"205","Pf3D7_13_v3-1725887-1726123-2",0,1,0,1,1,0,1,1,0,0,0,0,1,1,0,0,1,1,1,1,0,1,1,0
"206","Pf3D7_13_v3-1726057-1726304-1B",1,0,1,0,0,1,0,0,1,1,0,1,0,0,1,1,0,0,0,0,0,1,1,0
"207","Pf3D7_13_v3-1726174-1726408-2",0,1,0,1,0,0,0,1,0,0,1,0,0,0,1,0,0,1,1,0,0,0,1,1
"208","Pf3D7_13_v3-1726723-1726995-1B",0,1,1,0,0,0,0,0,0,0,0,0,1,0,1,1,1,0,1,0,1,0,0,0
"209","Pf3D7_13_v3-1876391-1876664-1A",0,1,0,0,0,0,0,0,0,0,0,0,0,0,1,1,0,0,0,0,0,0,0,1
"210","Pf3D7_13_v3-2114242-2114482-1A",0,0,1,1,1,0,0,0,0,0,0,0,0,0,0,0,0,1,0,0,0,0,1,0
"211","Pf3D7_13_v3-2114829-2115090-1A",1,0,0,0,0,0,0,0,1,1,0,0,1,0,0,0,1,0,0,0,0,0,1,1
"212","Pf3D7_13_v3-2504481-2504734-1B",0,0,1,0,0,1,1,0,0,0,0,0,0,1,0,0,1,1,0,0,0,0,1,1
"213","Pf3D7_13_v3-2545065-2545291-1A",1,0,1,1,1,0,1,1,1,1,1,0,1,0,1,1,0,0,1,1,1,0,1,0
"214","Pf3D7_13_v3-2770591-2770863-2",0,0,1,1,1,1,0,0,1,1,0,1,0,0,0,1,1,0,1,0,1,1,0,0
"215","Pf3D7_13_v3-2770621-2770854-1B",0,1,0,0,0,1,0,1,0,1,0,0,0,0,1,1,0,1,0,0,0,1,1,0
"216","Pf3D7_13_v3-2780346-2780575-1B",0,0,1,1,1,1,1,0,0,1,1,1,0,0,0,1,0,0,0,1,1,1,0,0
"217","Pf3D7_13_v3-2814583-2814832-2",0,0,1,0,0,1,0,1,0,0,1,0,1,1,1,1,0,1,0,1,1,0,0,0
"218","Pf3D7_13_v3-2814606-2814855-1B",0,0,0,0,0,1,0,0,0,0,0,0,1,1,1,0,1,1,1,1,0,1,0,0
"219","Pf3D7_13_v3-2816310-2816554-1B",0,1,1,1,1,0,1,0,0,0,0,0,0,1,1,1,0,0,0,0,0,0,1,1
"220","Pf3D7_13_v3-2840447-2840746-2",0,1,1,0,0,1,1,1,0,0,0,0,1,0,0,1,1,0,1,1,1,1,0,1
"221","Pf3D7_13_v3-2840462-2840736-1B",1,0,0,0,0,1,1,0,1,1,0,1,0,1,0,1,1,0,1,0,0,1,1,1
"222","Pf3D7_13_v3-2841390-2841688-1B2",1,1,0,0,0,1,1,1,1,1,1,0,0,1,0,0,0,1,1,0,0,0,1,0
"223","Pf3D7_13_v3-2844334-2844629-1B2",1,1,1,0,1,1,0,0,1,0,0,1,0,1,1,0,1,1,0,1,1,1,0,1
"224","Pf3D7_13_v3-388138-388408-1A",0,0,0,1,0,0,0,0,1,0,1,0,0,0,0,0,0,1,1,1,0,1,1,1
"225","Pf3D7_13_v3-479569-479811-1A",1,0,0,0,1,1,0,1,0,1,1,1,1,1,1,1,1,1,0,1,0,1,0,1
"226","Pf3D7_13_v3-748254-748510-1B",1,0,1,1,1,0,0,1,1,1,0,1,1,0,0,0,0,1,0,1,0,0,1,0
"227","Pf3D7_13_v3-815862-816091-1A",0,0,1,1,1,1,0,1,0,0,1,0,1,1,0,0,0,1,1,1,1,1,0,0
"228","Pf3D7_13_v3-852647-852921-1A",1,1,0,1,1,0,0,1,0,0,0,0,1,0,1,1,1,1,1,0,1,0,0,1
"229","Pf3D7_13_v3-911757-912005-1A",1,1,1,1,0,1,0,0,0,0,0,1,0,1,1,1,1,1,1,0,0,1,0,1
"230","Pf3D7_13_v3-935613-935884-1A",1,1,0,0,0,0,0,0,1,1,1,0,0,0,0,1,1,0,1,1,0,1,0,1
"231","Pf3D7_13_v3-958247-958510-1B",0,1,0,1,1,0,0,1,0,0,0,0,0,0,1,0,1,1,1,1,1,1,0,1
"232","Pf3D7_14_v3-1038300-1038538-1A",0,1,0,1,0,0,1,0,1,1,1,0,1,0,0,0,1,1,0,0,1,0,0,0
"233","Pf3D7_14_v3-106867-107115-1A",1,0,1,1,1,0,0,1,1,1,0,1,1,0,1,0,0,0,1,1,0,0,1,1
"234","Pf3D7_14_v3-1166107-1166371-1A",1,1,0,0,1,1,1,1,0,0,0,0,0,1,0,1,1,0,1,1,0,1,1,0
"235","Pf3D7_14_v3-120101-120365-1A",1,1,0,0,0,1,1,0,1,0,0,1,0,1,1,0,0,1,1,1,1,1,1,1
"236","Pf3D7_14_v3-137398-137668-1A",0,0,0,1,0,1,0,0,0,0,1,1,0,1,0,1,0,1,0,0,0,1,1,0
"237","Pf3D7_14_v3-1392837-1393086-1A",0,1,1,1,1,1,0,0,0,1,1,0,0,1,0,1,1,0,0,0,0,0,1,0
"238","Pf3D7_14_v3-1954850-1955124-1B",0,1,0,0,0,0,0,0,0,0,0,0,0,0,0,1,0,1,1,0,1,1,1,1
"239","Pf3D7_14_v3-1956056-1956330-1B",1,1,1,1,1,0,1,0,1,1,1,1,1,0,1,1,0,1,1,1,1,0,1,0
"240","Pf3D7_14_v3-1956365-1956639-1B",1,1,1,1,0,1,1,1,1,1,0,1,0,1,1,0,1,1,0,1,1,0,1,0
"241","Pf3D7_14_v3-1957218-1957480-1B",1,0,0,1,1,0,0,1,1,1,1,1,1,1,1,1,1,1,0,1,0,1,0,1
"242","Pf3D7_14_v3-1992121-1992370-1A",1,1,0,0,0,0,1,0,1,1,1,1,1,0,0,0,0,0,0,0,1,1,0,1
"243","Pf3D7_14_v3-2004362-2004606-1A",0,0,0,0,0,1,0,0,1,1,1,0,0,1,1,0,1,0,1,0,0,0,1,0
"244","Pf3D7_14_v3-2020604-2020849-1A",0,0,1,1,0,0,0,1,1,0,1,0,0,0,1,1,0,1,1,1,0,1,1,0
"245","Pf3D7_14_v3-2260533-2260765-1A",0,1,0,1,0,0,0,0,1,0,0,1,1,0,1,0,1,1,0,0,0,0,1,0
"246","Pf3D7_14_v3-2355614-2355853-1A",1,0,0,0,1,0,1,0,1,0,0,0,1,0,1,0,0,0,0,0,1,0,0,0
"247","Pf3D7_14_v3-2481033-2481276-1B",1,1,0,1,0,1,0,0,0,0,1,0,1,1,0,1,0,0,1,1,1,1,0,0
"248","Pf3D7_14_v3-2695837-2696082-1A",1,1,1,1,1,0,0,1,1,0,1,1,0,0,0,1,0,1,1,1,0,1,0,1
"249","Pf3D7_14_v3-2733345-2733593-1A",0,0,1,1,1,0,0,0,1,1,1,0,1,0,0,0,0,0,1,1,1,0,1,0
"250","Pf3D7_14_v3-279563-279833-1A",0,0,1,1,0,0,1,0,0,1,0,0,1,0,1,0,1,0,0,0,1,1,0,0
"251","Pf3D7_14_v3-283350-283576-1B",1,1,1,1,1,1,1,0,1,1,1,1,0,1,1,0,0,1,1,1,1,1,0,1
"252","Pf3D7_14_v3-283973-284211-1B",0,0,0,0,0,1,0,1,0,0,1,0,0,1,0,0,0,0,0,0,0,0,1,1
"253","Pf3D7_14_v3-2858894-2859160-1A",1,1,0,1,1,0,1,1,0,1,0,1,1,0,1,0,1,0,0,0,0,1,0,1
"254","Pf3D7_14_v3-288429-288696-1B",0,1,0,1,1,1,0,0,0,0,0,0,1,0,0,0,1,0,1,1,1,1,0,0
"255","Pf3D7_14_v3-289301-289550-1B",1,0,1,0,0,0,0,0,1,1,0,1,0,1,0,0,1,1,0,0,0,0,0,0
"256","Pf3D7_14_v3-293575-293829-1B",0,0,1,0,0,0,0,0,0,0,1,0,0,1,0,1,1,0,0,0,0,1,0,1
"257","Pf3D7_14_v3-294503-294768-2",0,1,1,1,1,1,0,0,0,0,0,0,1,0,1,0,0,0,1,1,0,0,1,0
"258","Pf3D7_14_v3-294506-294753-1B",1,1,1,1,0,1,0,0,1,1,1,1,0,1,1,0,1,1,0,1,1,1,0,0
"259","Pf3D7_14_v3-297583-297856-1B",0,0,0,0,0,0,0,0,0,0,1,0,0,0,1,0,0,0,0,0,0,1,0,0
"260","Pf3D7_14_v3-297935-298162-1B",1,1,0,1,1,1,0,1,1,1,0,1,1,1,0,1,0,0,1,1,1,0,1,0
"261","Pf3D7_14_v3-298368-298636-1B",1,0,0,0,1,1,1,0,1,1,0,1,1,0,0,0,0,1,1,0,0,0,1,0
"262","Pf3D7_14_v3-3124416-3124655-1A",0,0,1,0,1,0,0,1,1,0,1,1,1,0,1,0,0,0,1,1,0,1,0,1
"263","Pf3D7_14_v3-3125801-3126073-1A",0,0,0,1,0,1,0,1,0,0,1,0,1,1,0,1,0,0,1,1,0,1,0,1
"264","Pf3D7_14_v3-3214249-3214516-1A",0,1,1,1,0,0,0,1,1,0,0,1,1,0,1,0,0,0,1,1,0,1,1,0
"265","Pf3D7_14_v3-377765-378020-1A",1,1,0,0,0,0,1,0,1,0,1,0,0,0,1,0,0,0,0,0,0,1,1,0
"266","Pf3D7_14_v3-407306-407542-1A",1,0,0,0,1,1,1,0,0,0,0,1,1,1,1,1,1,1,0,0,0,0,1,0
"267","Pf3D7_14_v3-421322-421547-1A",0,0,0,0,1,1,1,0,1,0,1,1,0,1,1,1,0,0,1,1,1,0,1,1
"268","Pf3D7_14_v3-771407-771633-1A",1,1,1,1,1,0,0,1,0,1,0,1,1,0,1,1,0,1,1,1,0,0,1,0
"269","Pf3D7_14_v3-854128-854427-1B",1,0,0,1,1,0,0,1,1,0,0,1,0,1,0,1,1,0,1,1,0,0,1,0
"270","Pf3D7_14_v3-860289-860542-1B",1,1,0,0,0,1,0,0,1,1,1,1,1,1,1,0,1,1,1,1,1,0,1,0
"271","Pf3D7_14_v3-860834-861066-1B",1,0,1,1,1,1,1,1,1,1,1,1,0,1,1,1,1,1,1,1,1,0,1,0
"272","Pf3D7_14_v3-921176-921432-1A",0,1,1,1,0,0,0,1,0,0,1,0,0,0,1,0,1,0,1,1,0,0,0,1
"273","PKNH_12_v2-198869-199113-1AB",1,0,1,1,1,0,1,0,1,1,0,1,0,0,0,0,1,1,0,0,0,0,0,1
"274","PmUG01_12_v1-1397996-1398245-1AB",0,0,0,1,0,1,0,1,1,1,0,1,0,1,1,0,0,1,1,1,1,1,1,0
"275","PocGH01_12_v1-1106456-1106697-1AB",1,0,1,1,0,1,1,0,1,1,1,0,0,1,1,1,1,0,0,0,0,0,0,0
"276","PvP01_12_v1-1184983-1185208-1AB",0,0,0,0,0,1,0,1,0,0,1,1,1,1,1,1,1,1,0,0,1,1,0,0
